{
  "sources": [
    { "type": "directory",
      "source": "gui/container",
      "prefix": "gui/container/"
    },
    {
      "type": "directory",
      "source": "mob_trophy",
      "prefix": "mob_trophy/"
    },
    {
      "type": "directory",
      "source": "entity",
      "prefix": "entity/"
    },
    {
      "type": "single",
      "resource": "gui/container/shulker_box"
    },
    {
      "type": "single",
      "resource": "gui/sprites/world_list/join"
    },
    {
      "type": "directory",
      "source": "cookbook",
      "prefix": "cookbook/"
    },
    {
      "type": "directory",
      "source": "nutritionbook",
      "prefix": "nutritionbook/"
    },
    {
      "type": "directory",
      "source": "abilities",
      "prefix": "abilities/"
    },
    {
      "type": "directory",
      "source": "apples",
      "prefix": "apples/"
    },
    {
      "type": "directory",
      "source": "axes",
      "prefix": "axes/"
    },
    {
      "type": "directory",
      "source": "boots",
      "prefix": "boots/"
    },
    {
      "type": "directory",
      "source": "bows",
      "prefix": "bows/"
    },
    {
      "type": "directory",
      "source": "camp",
      "prefix": "camp/"
    },
    {
      "type": "directory",
      "source": "crafter",
      "prefix": "crafter/"
    },
    {
      "type": "directory",
      "source": "crossbow",
      "prefix": "crossbow/"
    },
    {
      "type": "directory",
      "source": "datapacks",
      "prefix": "datapacks/"
    },
    {
      "type": "directory",
      "source": "diamonds",
      "prefix": "diamonds/"
    },
    {
      "type": "directory",
      "source": "hammer",
      "prefix": "hammer/"
    },
    {
      "type": "directory",
      "source": "helmets",
      "prefix": "helmets/"
    },
    {
      "type": "directory",
      "source": "item",
      "prefix": "item/"
    },
    {
      "type": "directory",
      "source": "machine",
      "prefix": "machine/"
    },
    {
      "type": "directory",
      "source": "pearl",
      "prefix": "pearl/"
    },
    {
      "type": "directory",
      "source": "pick",
      "prefix": "pick/"
    },
    {
      "type": "directory",
      "source": "random",
      "prefix": "random/"
    },
    {
      "type": "directory",
      "source": "recipes",
      "prefix": "recipes/"
    },
    {
      "type": "directory",
      "source": "redstone",
      "prefix": "redstone/"
    },
    {
      "type": "directory",
      "source": "rupee",
      "prefix": "rupee/"
    },
    {
      "type": "directory",
      "source": "security",
      "prefix": "security/"
    },
    {
      "type": "directory",
      "source": "shovels",
      "prefix": "shovels/"
    },
    {
      "type": "directory",
      "source": "swords",
      "prefix": "swords/"
    },
    {
      "type": "directory",
      "source": "tnt",
      "prefix": "tnt/"
    },
    {
      "type": "directory",
      "source": "totem",
      "prefix": "totem/"
    },
    {
      "type": "directory",
      "source": "totems",
      "prefix": "totems/"
    },
    {
      "type": "directory",
      "source": "wands",
      "prefix": "wands/"
    },
    {
      "type": "directory",
      "source": "zelda",
      "prefix": "zelda/"
    },
    {
      "type": "directory",
      "source": "hoes",
      "prefix": "hoes/"
    },
    {
      "type": "directory",
      "source": "chairs",
      "prefix": "chairs/"
    },
    {
      "type": "directory",
      "source": "diamond_compass",
      "prefix": "diamond_compass/"
    },
    {
      "type": "directory",
      "source": "secret_doors",
      "prefix": "secret_doors/"
    },
    {
      "type": "directory",
      "source": "objects",
      "prefix": "objects/"
    },
    {
      "type": "directory",
      "source": "skyblock_advancements",
      "prefix": "skyblock_advancements/"
    },
    {
      "type": "directory",
      "source": "zelda",
      "prefix": "zelda/"
    }
  ]
}
